case,idx,l,r
clean,0,00000028,00008009
clean,1,0000016a,0000814b
clean,2,000002ac,0000828d
clean,3,000003ee,000083cf
clean,4,00000420,00008401
clean,5,00000562,00008543
clean,6,000006a4,00008685
clean,7,000007e6,000087c7
clean,8,00000819,00008838
clean,9,0000095b,0000897a
clean,10,00000a9d,00008abc
clean,11,00000bdf,00008bfe
clean,12,00000c11,00008c30
clean,13,00000d53,00008d72
clean,14,00000e95,00008eb4
clean,15,00000fd7,00008ff6
clean,16,0000104a,0000906b
clean,17,00001108,00009129
clean,18,000012ce,000092ef
clean,19,0000138c,000093ad
clean,20,00001442,00009463
clean,21,00001500,00009521
clean,22,000016c6,000096e7
clean,23,00001784,000097a5
clean,24,0000187b,0000985a
clean,25,00001939,00009918
clean,26,00001aff,00009ade
clean,27,00001bbd,00009b9c
clean,28,00001c73,00009c52
clean,29,00001d31,00009d10
clean,30,00001ef7,00009ed6
clean,31,00001fb5,00009f94
clean,32,000020ec,0000a0cd
clean,33,000021ae,0000a18f
clean,34,00002268,0000a249
clean,35,0000232a,0000a30b
clean,36,000024e4,0000a4c5
clean,37,000025a6,0000a587
clean,38,00002660,0000a641
clean,39,00002722,0000a703
prelock,0,00000000,00000000
prelock,1,00000000,00000000
prelock,2,00000000,00000000
prelock,3,0000a212,0000672a
prelock,4,0000e842,00005cdc
prelock,5,00000420,00000000
prelock,6,00000562,00008543
prelock,7,00000000,00000000
prelock,8,000006a4,00008685
prelock,9,000007e6,000087c7
prelock,10,00000819,00008838
prelock,11,0000095b,0000897a
prelock,12,00000a9d,00008abc
prelock,13,00000bdf,00008bfe
prelock,14,00000c11,00008c30
prelock,15,00000d53,00008d72
prelock,16,00000e95,00008eb4
prelock,17,00000fd7,00008ff6
prelock,18,0000104a,0000906b
prelock,19,00001108,00009129
prelock,20,000012ce,000092ef
prelock,21,0000138c,000093ad
prelock,22,00001442,00009463
prelock,23,00001500,00009521
prelock,24,000016c6,000096e7
prelock,25,00001784,000097a5
prelock,26,0000187b,0000985a
prelock,27,00001939,00009918
prelock,28,00001aff,00009ade
prelock,29,00001bbd,00009b9c
prelock,30,00001c73,00009c52
prelock,31,00001d31,00009d10
prelock,32,00001ef7,00009ed6
prelock,33,00001fb5,00009f94
prelock,34,000020ec,0000a0cd
prelock,35,000021ae,0000a18f
prelock,36,00002268,0000a249
prelock,37,0000232a,0000a30b
prelock,38,000024e4,0000a4c5
prelock,39,000025a6,0000a587
prelock,40,00002660,0000a641
prelock,41,00002722,0000a703
prelock,42,000028dd,0000a8fc
prelock,43,0000299f,0000a9be
prelock,44,00002a59,0000aa78
prelock,45,00002b1b,0000ab3a
prelock,46,00002cd5,0000acf4
gaps,0,0000646c,0000e44d
gaps,1,0000652e,0000e50f
gaps,2,000066e8,0000e6c9
gaps,3,000067aa,0000e78b
gaps,4,00006855,0000e874
gaps,5,00006917,0000e936
gaps,6,00006ad1,0000eaf0
gaps,7,00006b93,0000ebb2
gaps,8,00006c5d,0000ec7c
gaps,9,00006d1f,0000ed3e
gaps,10,00000000,00000000
gaps,11,00006ed9,0000eef8
gaps,12,00006f9b,0000efba
gaps,13,00007006,0000f027
gaps,14,00007144,0000f165
gaps,15,00007282,0000f2a3
gaps,16,000073c0,0000f3e1
gaps,17,0000740e,0000f42f
gaps,18,0000754c,0000f56d
gaps,19,0000768a,0000f6ab
gaps,20,000077c8,0000f7e9
gaps,21,00007837,0000f816
gaps,22,00007975,0000f954
gaps,23,00007ab3,0000fa92
gaps,24,00007bf1,0000fbd0
gaps,25,00007c3f,0000fc1e
gaps,26,00000000,00000000
gaps,27,00000000,00000000
gaps,28,00007d7d,0000fd5c
gaps,29,00007ebb,0000fe9a
gaps,30,00007ff9,0000ffd8
gaps,31,00000028,00008009
gaps,32,0000016a,0000814b
gaps,33,000002ac,0000828d
gaps,34,000003ee,000083cf
gaps,35,00000420,00008401
gaps,36,00000562,00008543
gaps,37,000006a4,00008685
gaps,38,000007e6,000087c7
gaps,39,00000819,00008838
gaps,40,0000095b,0000897a
gaps,41,00000a9d,00008abc
gaps,42,00000bdf,00008bfe
drop,0,00000028,00008009
drop,1,0000016a,0000814b
drop,2,000002ac,0000828d
drop,3,000003ee,000083cf
drop,4,00000420,00008401
drop,5,00000562,00008543
drop,6,000006a4,00008685
drop,7,000007e6,000087c7
drop,8,00000819,00008838
drop,9,0000095b,0000897a
drop,10,00000a9d,00008abc
drop,11,00000bdf,00008bfe
drop,12,00000c11,00008c30
drop,13,00000d53,00008d72
drop,14,00000e95,00008eb4
drop,15,00000fd7,00008ff6
drop,16,0000104a,0000906b
drop,17,00001108,00009129
drop,18,000012ce,000092ef
drop,19,0000138c,000093ad
drop,20,00001500,00009521
drop,21,000016c6,000096e7
drop,22,00001784,000097a5
drop,23,0000187b,0000985a
drop,24,00001939,00009918
drop,25,00001aff,00009ade
drop,26,00001bbd,00009b9c
drop,27,00001c73,00009c52
drop,28,00001d31,00009d10
drop,29,00001ef7,00009ed6
drop,30,00001fb5,00009f94
drop,31,000020ec,0000a0cd
drop,32,000021ae,0000a18f
drop,33,00002268,0000a249
drop,34,0000232a,0000a30b
drop,35,000024e4,0000a4c5
drop,36,000025a6,0000a587
drop,37,00002660,0000a641
drop,38,00002722,0000a703
drop,39,000028dd,0000a8fc
dup,0,00000028,00008009
dup,1,0000016a,0000814b
dup,2,000002ac,0000828d
dup,3,000003ee,000083cf
dup,4,00000420,00008401
dup,5,00000562,00008543
dup,6,000006a4,00008685
dup,7,000007e6,000087c7
dup,8,00000819,00008838
dup,9,0000095b,0000897a
dup,10,00000a9d,00008abc
dup,11,00000bdf,00008bfe
dup,12,00000c11,00008c30
dup,13,00000d53,00008d72
dup,14,00000e95,00008eb4
dup,15,00000fd7,00008ff6
dup,16,0000104a,0000906b
dup,17,00001108,00009129
dup,18,000012ce,000092ef
dup,19,0000138c,000093ad
dup,20,00001442,00009463
dup,21,00001442,00009463
dup,22,00001500,00009521
dup,23,000016c6,000096e7
dup,24,00001784,000097a5
dup,25,0000187b,0000985a
dup,26,00001939,00009918
dup,27,00001aff,00009ade
dup,28,00001bbd,00009b9c
dup,29,00001c73,00009c52
dup,30,00001d31,00009d10
dup,31,00001ef7,00009ed6
dup,32,00001fb5,00009f94
dup,33,000020ec,0000a0cd
dup,34,000021ae,0000a18f
dup,35,00002268,0000a249
dup,36,0000232a,0000a30b
dup,37,000024e4,0000a4c5
dup,38,000025a6,0000a587
dup,39,00002660,0000a641
dup,40,00002722,0000a703
swap,0,00000028,00008009
swap,1,0000016a,0000814b
swap,2,000002ac,0000828d
swap,3,000003ee,000083cf
swap,4,00000420,00008401
swap,5,00000562,00008543
swap,6,000006a4,00008685
swap,7,000007e6,000087c7
swap,8,00000819,00008838
swap,9,0000095b,0000897a
swap,10,00000a9d,00008abc
swap,11,00000bdf,00008bfe
swap,12,00000c11,00008c30
swap,13,00000d53,00008d72
swap,14,00000e95,00008eb4
swap,15,00000fd7,00008ff6
swap,16,0000104a,0000906b
swap,17,00001108,00009129
swap,18,000012ce,000092ef
swap,19,0000138c,000093ad
swap,20,00009463,00001442
swap,21,00001500,00009521
swap,22,000016c6,000096e7
swap,23,00001784,000097a5
swap,24,0000187b,0000985a
swap,25,00001939,00009918
swap,26,00001aff,00009ade
swap,27,00001bbd,00009b9c
swap,28,00001c73,00009c52
swap,29,00001d31,00009d10
swap,30,00001ef7,00009ed6
swap,31,00001fb5,00009f94
swap,32,000020ec,0000a0cd
swap,33,000021ae,0000a18f
swap,34,00002268,0000a249
swap,35,0000232a,0000a30b
swap,36,000024e4,0000a4c5
swap,37,000025a6,0000a587
swap,38,00002660,0000a641
swap,39,00002722,0000a703
bitflip,0,00000028,00008009
bitflip,1,0000016a,0000814b
bitflip,2,000002ac,0000828d
bitflip,3,000003ee,000083cf
bitflip,4,00000420,00008401
bitflip,5,00000562,00008543
bitflip,6,000006a4,00008685
bitflip,7,000007e6,000087c7
bitflip,8,00000819,00008838
bitflip,9,0000095b,0000897a
bitflip,10,00000a9d,00008abc
bitflip,11,00000bdf,00008bfe
bitflip,12,00000c11,00008c30
bitflip,13,00000d53,00008d72
bitflip,14,00000e95,00008eb4
bitflip,15,00000fd7,00008ff6
bitflip,16,0000104a,0000906b
bitflip,17,00001108,00009129
bitflip,18,000012ce,000092ef
bitflip,19,0000138c,000093ad
bitflip,20,00001442,00009462
bitflip,21,00001500,00009521
bitflip,22,000016c6,000096e7
bitflip,23,00001784,000097a5
bitflip,24,0000187b,0000985a
bitflip,25,00001939,00009918
bitflip,26,00001aff,00009ade
bitflip,27,00001bbd,00009b9c
bitflip,28,00001c73,00009c52
bitflip,29,00001d31,00009d10
bitflip,30,00001ef7,00009ed6
bitflip,31,00001fb5,00009f94
bitflip,32,000020ec,0000a0cd
bitflip,33,000021ae,0000a18f
bitflip,34,00002268,0000a249
bitflip,35,0000232a,0000a30b
bitflip,36,000024e4,0000a4c5
bitflip,37,000025a6,0000a587
bitflip,38,00002660,0000a641
bitflip,39,00002722,0000a703
bitshift,0,00000028,00008009
bitshift,1,0000016a,0000814b
bitshift,2,000002ac,0000828d
bitshift,3,000003ee,000083cf
bitshift,4,00000420,00008401
bitshift,5,00000562,00008543
bitshift,6,000006a4,00008685
bitshift,7,000007e6,000087c7
bitshift,8,00000819,00008838
bitshift,9,0000095b,0000897a
bitshift,10,00000a9d,00008abc
bitshift,11,00000bdf,00008bfe
bitshift,12,00000c11,00008c30
bitshift,13,00000d53,00008d72
bitshift,14,00000e95,00008eb4
bitshift,15,00000fd7,00008ff6
bitshift,16,0000104a,0000906b
bitshift,17,00001108,00009129
bitshift,18,000012ce,000092ef
bitshift,19,0000138c,000093ad
bitshift,20,00002884,000028c6
bitshift,21,00002a00,00002a42
bitshift,22,00002d8c,00002dce
bitshift,23,00002f08,00002f4a
bitshift,24,000030f6,000030b4
bitshift,25,00003272,00003230
bitshift,26,000035fe,000035bc
bitshift,27,0000377a,00003738
bitshift,28,000038e6,000038a4
bitshift,29,00003a62,00003a20
bitshift,30,00003dee,00003dac
bitshift,31,00003f6a,00003f28
bitshift,32,000041d8,0000419a
bitshift,33,0000435c,0000431e
bitshift,34,000044d0,00004492
bitshift,35,00004654,00004616
bitshift,36,000049c8,0000498a
bitshift,37,00004b4c,00004b0e
bitshift,38,00004cc0,00004c82
bitshift,39,00004e44,00004e06
wrap,0,00781e89,00f83ea8
wrap,1,0078decb,00f8feea
wrap,2,00791e0d,00f93e2c
wrap,3,0079de4f,00f9fe6e
wrap,4,007a1f81,00fa3fa0
wrap,5,007adfc3,00faffe2
wrap,6,007b1f05,00fb3f24
wrap,7,007bdf47,00fbff66
wrap,8,007c1cb8,00fc3c99
wrap,9,007cdcfa,00fcfcdb
wrap,10,007d1c3c,00fd3c1d
wrap,11,007ddc7e,00fdfc5f
wrap,12,007e1db0,00fe3d91
wrap,13,007eddf2,00fefdd3
wrap,14,007f1d34,00ff3d15
wrap,15,007fdd76,00fffd57
wrap,16,000020b7,00800096
wrap,17,0000e0f5,0080c0d4
wrap,18,00012033,00810012
wrap,19,0001e071,0081c050
wrap,20,000221bf,0082019e
wrap,21,0002e1fd,0082c1dc
wrap,22,0003213b,0083011a
wrap,23,0003e179,0083c158
wrap,24,00042286,008402a7
wrap,25,0004e2c4,0084c2e5
wrap,26,00052202,00850223
wrap,27,0005e240,0085c261
wrap,28,0006238e,008603af
wrap,29,0006e3cc,0086c3ed
wrap,30,0007230a,0087032b
wrap,31,0007e348,0087c369
wrap,32,000824d5,008804f4
wrap,33,0008e497,0088c4b6
wrap,34,00092451,00890470
wrap,35,0009e413,0089c432
wrap,36,000a25dd,008a05fc
wrap,37,000ae59f,008ac5be
wrap,38,000b2559,008b0578
wrap,39,000be51b,008bc53a
trunc,0,00000045,00008065
trunc,1,00000085,000080a5
trunc,2,00000145,00008165
trunc,3,00000185,000081a5
trunc,4,00000244,00008264
trunc,5,00000284,000082a4
trunc,6,00000344,00008364
trunc,7,00000384,000083a4
trunc,8,00000447,00008467
trunc,9,00000487,000084a7
trunc,10,00000547,00008567
trunc,11,00000587,000085a7
trunc,12,00000646,00008666
trunc,13,00000686,000086a6
trunc,14,00000746,00008766
trunc,15,00000786,000087a6
trunc,16,00000841,00008861
trunc,17,00000881,000088a1
trunc,18,00000941,00008961
trunc,19,00000981,000089a1
trunc,20,00000a40,00008a60
trunc,21,00000a80,00008aa0
trunc,22,00000b40,00008b60
trunc,23,00000b80,00008ba0
trunc,24,00000c43,00008c63
trunc,25,00000c83,00008ca3
trunc,26,00000d43,00008d63
trunc,27,00000d83,00008da3
trunc,28,00000e42,00008e62
trunc,29,00000e82,00008ea2
trunc,30,00000f42,00008f62
trunc,31,00000f82,00008fa2
trunc,32,0000104d,0000906d
trunc,33,0000108d,000090ad
trunc,34,0000114d,0000916d
trunc,35,0000118d,000091ad
trunc,36,0000124c,0000926c
trunc,37,0000128c,000092ac
trunc,38,0000134c,0000936c
trunc,39,0000138c,000093ac
ext,0,00002800,00800900
ext,1,00016a00,00814b00
ext,2,0002ac00,00828d00
ext,3,0003ee00,0083cf00
ext,4,00042000,00840100
ext,5,00056200,00854300
ext,6,0006a400,00868500
ext,7,0007e600,0087c700
ext,8,00081900,00883800
ext,9,00095b00,00897a00
ext,10,000a9d00,008abc00
ext,11,000bdf00,008bfe00
ext,12,000c1100,008c3000
ext,13,000d5300,008d7200
ext,14,000e9500,008eb400
ext,15,000fd700,008ff600
ext,16,00104a00,00906b00
ext,17,00110800,00912900
ext,18,0012ce00,0092ef00
ext,19,00138c00,0093ad00
ext,20,00144200,00946300
ext,21,00150000,00952100
ext,22,0016c600,0096e700
ext,23,00178400,0097a500
ext,24,00187b00,00985a00
ext,25,00193900,00991800
ext,26,001aff00,009ade00
ext,27,001bbd00,009b9c00
ext,28,001c7300,009c5200
ext,29,001d3100,009d1000
ext,30,001ef700,009ed600
ext,31,001fb500,009f9400
ext,32,0020ec00,00a0cd00
ext,33,0021ae00,00a18f00
ext,34,00226800,00a24900
ext,35,00232a00,00a30b00
ext,36,0024e400,00a4c500
ext,37,0025a600,00a58700
ext,38,00266000,00a64100
ext,39,00272200,00a70300
slot_trunc,0,002d0000,80290000
slot_trunc,1,00a50000,80a10000
slot_trunc,2,013d0000,81390000
slot_trunc,3,01b50000,81b10000
slot_trunc,4,020c0000,82080000
slot_trunc,5,02840000,82800000
slot_trunc,6,031c0000,83180000
slot_trunc,7,03940000,83900000
slot_trunc,8,046f0000,846b0000
slot_trunc,9,04e70000,84e30000
slot_trunc,10,057f0000,857b0000
slot_trunc,11,05f70000,85f30000
slot_trunc,12,064e0000,864a0000
slot_trunc,13,06c60000,86c20000
slot_trunc,14,075e0000,875a0000
slot_trunc,15,07d60000,87d20000
slot_trunc,16,08290000,882d0000
slot_trunc,17,08a10000,88a50000
slot_trunc,18,09390000,893d0000
slot_trunc,19,09b10000,89b50000
slot_trunc,20,0a080000,8a0c0000
slot_trunc,21,0a800000,8a840000
slot_trunc,22,0b180000,8b1c0000
slot_trunc,23,0b900000,8b940000
slot_trunc,24,0c6b0000,8c6f0000
slot_trunc,25,0ce30000,8ce70000
slot_trunc,26,0d7b0000,8d7f0000
slot_trunc,27,0df30000,8df70000
slot_trunc,28,0e4a0000,8e4e0000
slot_trunc,29,0ec20000,8ec60000
slot_trunc,30,0f5a0000,8f5e0000
slot_trunc,31,0fd20000,8fd60000
slot_trunc,32,10250000,90210000
slot_trunc,33,10ad0000,90a90000
slot_trunc,34,11350000,91310000
slot_trunc,35,11bd0000,91b90000
slot_trunc,36,12040000,92000000
slot_trunc,37,128c0000,92880000
slot_trunc,38,13140000,93100000
slot_trunc,39,139c0000,93980000
w8_drop,0,0000000f,0000008e
w8_drop,1,0000001d,0000009c
w8_drop,2,0000002b,000000aa
w8_drop,3,00000039,000000b8
w8_drop,4,00000047,000000c6
w8_drop,5,00000055,000000d4
w8_drop,6,00000063,000000e2
w8_drop,7,00000071,000000f0
w8_drop,8,0000000f,0000008e
w8_drop,9,0000001d,0000009c
w8_drop,10,0000002b,000000aa
w8_drop,11,00000039,000000b8
w8_drop,12,00000055,000000d4
w8_drop,13,00000063,000000e2
w8_drop,14,00000071,000000f0
w8_drop,15,0000000f,0000008e
w8_drop,16,0000001d,0000009c
w8_drop,17,0000002b,000000aa
w8_drop,18,00000039,000000b8
w8_drop,19,00000047,000000c6
w8_drop,20,00000055,000000d4
w8_drop,21,00000063,000000e2
w8_drop,22,00000071,000000f0
w8_drop,23,0000000f,0000008e
w8_drop,24,0000001d,0000009c
w8_drop,25,0000002b,000000aa
w8_drop,26,00000039,000000b8
w8_drop,27,00000047,000000c6
w8_drop,28,00000055,000000d4
w8_drop,29,00000063,000000e2
nolock,0,0000eb42,0000dd18
nolock,1,000098b1,0000c36d
nolock,2,0000b46b,0000b279
nolock,3,0000af88,00002517
nolock,4,0000b808,0000c663
nolock,5,00009c1b,00003234
nolock,6,0000cf6d,0000a9c6
nolock,7,000098be,0000ead9
nolock,8,0000eed1,00002eb5
nolock,9,000017a4,0000f9dd
nolock,10,00000028,00008009
nolock,11,0000016a,0000814b
nolock,12,0000b8f6,0000c424
nolock,13,000002ac,0000828d
nolock,14,000003ee,000083cf
nolock,15,0000691a,0000ce75
nolock,16,00000420,00008401
nolock,17,00000562,00008543
nolock,18,0000352d,000050a5
nolock,19,000006a4,00008685
nolock,20,000007e6,000087c7
nolock,21,0000585f,000039b8
nolock,22,00000819,00008838
nolock,23,0000095b,0000897a
nolock,24,00009991,0000b76a
nolock,25,00000a9d,00008abc
nolock,26,00000bdf,00008bfe
nolock,27,000099c3,0000b103
nolock,28,00000c11,00008c30
nolock,29,00000d53,00008d72
nolock,30,00001ed2,0000696f
nolock,31,00000e95,00008eb4
nolock,32,00000fd7,00008ff6
nolock,33,00000dc6,0000f3a1
nolock,34,0000104a,0000906b
nolock,35,00001108,00009129
nolock,36,000074db,00001291
nolock,37,000012ce,000092ef
nolock,38,0000138c,000093ad
nolock,39,00007309,00004aa6
